{
    "Netflix": [
        {
            "Title": "Your Name",
            "Streaming": "Netflix",
            "Category": "Romance",
            "Length": "106",
            "Stars": "8.4"
        },
        {
            "Title": "Amar Singh Chamkila",
            "Streaming": "Netflix",
            "Category": "Romance",
            "Length": "145",
            "Stars": "8.3"
        },
        {
            "Title": "It's What's Inside",
            "Streaming": "Netflix",
            "Category": "Horror",
            "Length": "103",
            "Stars": "8.5"
        },
        {
            "Title": "Cherish & Ruelle",
            "Streaming": "Netflix",
            "Category": "Drama",
            "Length": "72",
            "Stars": "9,4"
        },
        {
            "Title": "CM101MMXI Fundamentals",
            "Streaming": "Netflix",
            "Category": "Comedy",
            "Length": "139",
            "Stars": "9,0"
        },
        {
            "Title": "Matrix",
            "Streaming": "Netflix",
            "Category": "Action",
            "Length": "136",
            "Stars": "8,7"
        }
    ],
    "HBO": [
        {
            "Title": "Titanic",
            "Streaming": "HBO",
            "Category": "Romance",
            "Length": "194",
            "Stars": "7,9"
        },
        {
            "Title": "En dag",
            "Streaming": "HBO",
            "Category": "Romance",
            "Length": "107",
            "Stars": "7,0"
        },
        {
            "Title": "Alien",
            "Streaming": "HBO",
            "Category": "Horror",
            "Length": "117",
            "Stars": "8,5"
        },
        {
            "Title": "Nyckeln till frihet",
            "Streaming": "HBO",
            "Category": "Drama",
            "Length": "142",
            "Stars": "9,3"
        },
        {
            "Title": "Bad Education",
            "Streaming": "HBO",
            "Category": "Comedy",
            "Length": "108",
            "Stars": "7,1"
        },
        {
            "Title": "Against the Wall",
            "Streaming": "HBO",
            "Category": "Action",
            "Length": "111",
            "Stars": "6,7"
        }
    ],
    "Viaplay": [
        {
            "Title": "La La Land",
            "Streaming": "Viaplay",
            "Category": "Romance",
            "Length": "128",
            "Stars": "8,0"
        },
        {
            "Title": "Pocahontas",
            "Streaming": "Viaplay",
            "Category": "Romance",
            "Length": "81",
            "Stars": "6,7"
        },
        {
            "Title": "Happy Happy",
            "Streaming": "Viaplay",
            "Category": "Drama",
            "Length": "85",
            "Stars": "6,5"
        },
        {
            "Title": "Talk to Me",
            "Streaming": "Viaplay",
            "Category": "Horror",
            "Length": "90",
            "Stars": "7,1"
        },
        {
            "Title": " Rivierans guldgossar",
            "Streaming": "Viaplay",
            "Category": "Comedy",
            "Length": "110",
            "Stars": "7,4"
        },
        {
            "Title": "London Has Fallen",
            "Streaming": "Viaplay",
            "Category": "Action",
            "Length": "99",
            "Stars": "5,9"
        }
    ],
    "Primevideo": [
        {
            "Title": "Get Out",
            "Streaming": "Primevideo",
            "Category": "Horror",
            "Length": "99",
            "Stars": "7,8"
        },
        {
            "Title": "Upgraded",
            "Streaming": "Primevideo",
            "Category": "Romance",
            "Length": "105",
            "Stars": "6,1"
        },
        {
            "Title": "Five blind dates",
            "Streaming": "Primevideo",
            "Category": "Romance",
            "Length": "86",
            "Stars": "4,9"
        },
        {
            "Title": "The tomarrow war",
            "Streaming": "Primevideo",
            "Category": "Drama",
            "Length": "138",
            "Stars": "6,6"
        },
        {
            "Title": "The Woman King",
            "Streaming": "Primevideo",
            "Category": "Action",
            "Length": "135",
            "Stars": "6,9"
        },
        {
            "Title": "Puppy Love",
            "Streaming": "Primevideo",
            "Category": "Comedy",
            "Length": "102",
            "Stars": "6,3"
        }
    ],
    "Disney+": [
        {
            "Title": "Amelie från Montmartre",
            "Streaming": "Disney+",
            "Category": "Romance",
            "Length": "122",
            "Stars": "8,3"
        },
        {
            "Title": "Sound of Music",
            "Streaming": "Disney+",
            "Category": "Romance",
            "Length": "162",
            "Stars": "8,1"
        },
        {
            "Title": "Fight Club",
            "Streaming": "Disney+",
            "Category": "Drama",
            "Length": "139",
            "Stars": "8,8"
        },
        {
            "Title": "The Menu",
            "Streaming": "Disney+",
            "Category": "Horror",
            "Length": "107",
            "Stars": "7,2"
        },
        {
            "Title": "Lejonkungen",
            "Streaming": "Disney+",
            "Category": "Disney-klassiker",
            "Length": "88",
            "Stars": "8,5"
        },
        {
            "Title": "Toy Story",
            "Streaming": "Disney+",
            "Category": "Disney-klassiker",
            "Length": "81",
            "Stars": "8,3"
        },
        {
            "Title": "Hitta Nemo",
            "Streaming": "Disney+",
            "Category": "Disney-klassiker",
            "Length": "100",
            "Stars": "8,2"
        }
    ]
}
